{
   "Coal Steam": {
      "once through": {
         "10": {
            "intercept":  -624000,
            "airF":  -9150,
            "waterF":  16100,
            "ubound":  120000,
            "lbound":  55000
         },
         "20": {
            "intercept":  -331000,
            "airF":  -5110,
            "waterF":  9210,
            "ubound":  100000,
            "lbound":  26000
         },
         "30": {
            "intercept":  -126000,
            "airF":  -2410,
            "waterF":  4340,
            "ubound":  72000,
            "lbound":  21000
         }
      },
      "recirculating": {
         "90-70": {
            "intercept":  187,
            "airF":  7.46,
            "rh":  -1.02,
            "ubound":  1050,
            "lbound":  320
         },
         "95-75": {
            "intercept":  284,
            "airF":  6.03,
            "rh":  -0.876,
            "ubound":  935,
            "lbound":  645
         },
         "100-80": {
            "intercept":  357,
            "airF":  4.92,
            "rh":  -0.763,
            "ubound":  905,
            "lbound":  650
         }
      }
   },
   "Combined Cycle": {
      "once through": {
         "10": {
            "intercept":  -154000,
            "airF":  -2170,
            "waterF":  3860,
            "ubound":  26000,
            "lbound":  10400
         },
         "20": {
            "intercept":  -90200,
            "airF":  -1350,
            "waterF":  2420,
            "ubound":  23000,
            "lbound":  5000
         },
         "30": {
            "intercept":  -34800,
            "airF":  -614,
            "waterF":  1110,
            "ubound":  15000,
            "lbound":  4000
         }
      },
      "recirculating": {
         "90-70": {
            "intercept":  5.36,
            "airF":  3.99,
            "rh":  -0.48,
            "ubound":  475,
            "lbound":  260
         },
         "95-75": {
            "intercept":  62.3,
            "airF":  3.17,
            "rh":  -0.446,
            "ubound":  400,
            "lbound":  360
         },
         "100-80": {
            "intercept":  98.7,
            "airF":  2.62,
            "rh":  -0.39,
            "ubound":  380,
            "lbound":  260
         }
      }
   },
   "Combustion Turbine": {
      "once through": {
         "10": {
            "intercept":  -473637.961335677,
            "airF":  -6673.98945518453,
            "waterF":  11871.704745167,
            "ubound":  79964.8506151142,
            "lbound":  31985.9402460457
         },
         "20": {
            "intercept":  -277416.520210896,
            "airF":  -4152.02108963093,
            "waterF":  7442.88224956063,
            "ubound":  70738.1370826011,
            "lbound":  15377.855887522
         },
         "30": {
            "intercept":  -107029.876977153,
            "airF":  -1888.4007029877,
            "waterF":  3413.88400702988,
            "ubound":  46133.5676625659,
            "lbound":  12302.2847100176
         }
      },
      "recirculating": {
         "90-70": {
            "intercept":  25.2865882352941,
            "airF":  18.8234117647059,
            "rh":  -2.26447058823529,
            "ubound":  2240.88235294118,
            "lbound":  1226.58823529412
         },
         "95-75": {
            "intercept":  293.909411764706,
            "airF":  14.9549411764706,
            "rh":  -2.10407058823529,
            "ubound":  1887.05882352941,
            "lbound":  1698.35294117647
         },
         "100-80": {
            "intercept":  465.631764705882,
            "airF":  12.3602352941176,
            "rh":  -1.83988235294118,
            "ubound":  1792.70588235294,
            "lbound":  1226.58823529412
         }
      }
   },
   "Nuclear": {
      "once through": {
         "20": {
            "intercept":  44350,
            "ubound":  44350,
            "lbound":  44350
         }
      },
      "recirculating": {
         "95-75": {
            "intercept":  1100,
            "ubound":  1100,
            "lbound":  1100
         }
      }
   }
}
